{
  "lente_izquierdo": {
    "lente": "izquierdo",
    "rms": 0.3823793755735708,
    "error_reproyeccion": 0.045172348086612586,
    "matriz_camara": [
      [
        871.4118948942493,
        0.0,
        646.5908721485185
      ],
      [
        0.0,
        870.5927269469906,
        351.43302381749515
      ],
      [
        0.0,
        0.0,
        1.0
      ]
    ],
    "coef_distorsion": [
      [
        -0.4093555411483685,
        0.20917673659094288,
        0.0010653920710488793,
        0.0013213928899152272,
        -0.06562923432697483
      ]
    ],
    "num_imagenes": 30,
    "resolucion": [
      1280,
      720
    ]
  },
  "lente_derecho": {
    "lente": "derecho",
    "rms": 0.3927893171787918,
    "error_reproyeccion": 0.046384666013183126,
    "matriz_camara": [
      [
        870.0956646819689,
        0.0,
        646.0346162997424
      ],
      [
        0.0,
        869.6237584119456,
        356.84504166288855
      ],
      [
        0.0,
        0.0,
        1.0
      ]
    ],
    "coef_distorsion": [
      [
        -0.4065735690448814,
        0.21398169007694273,
        -0.000722510013684263,
        0.0013873136342690366,
        -0.06797750102410441
      ]
    ],
    "num_imagenes": 30,
    "resolucion": [
      1280,
      720
    ]
  },
  "estereo": {
    "rms_estereo": 0.4801241857015848,
    "baseline_mm": 59.40312123975148,
    "baseline_cm": 5.940312123975148,
    "R": [
      [
        0.9999986300406364,
        0.0015845447626913881,
        -0.0004786802121042668
      ],
      [
        -0.0015878536355599742,
        0.9999742875767836,
        -0.006993061285014313
      ],
      [
        0.00046758708544170205,
        0.006993811778919586,
        0.9999754336778072
      ]
    ],
    "T": [
      [
        -59.39537138495959
      ],
      [
        -0.03159115743487875
      ],
      [
        -0.9589958634471086
      ]
    ],
    "E": [
      [
        -0.0015375166854921728,
        0.9587502627306271,
        -0.03829669820148761
      ],
      [
        -0.931222041067125,
        0.41388047613256584,
        59.3943713114727
      ],
      [
        0.12590227054531977,
        -59.393794128430386,
        0.4153403500792663
      ]
    ],
    "F": [
      [
        -8.013951758375884e-08,
        5.001967105535922e-05,
        -0.019266195778692964
      ],
      [
        -4.856414436090333e-05,
        2.1604582783549353e-05,
        2.7229849695384
      ],
      [
        0.02309153322857658,
        -2.736169947589914,
        1.0
      ]
    ],
    "euler_grados": {
      "roll": 0.4007192082494686,
      "pitch": -0.026790767526877826,
      "yaw": -0.09097735997754915
    }
  }
}